,avg_success,tenure,tier
0,1.9269079443962436,110.77399482976735,Noob
1,2.049642093573682,299.08831845650604,Rookie
2,2.1234826319080953,498.00665188470066,Veteran
3,2.2899321510051167,1106.1288306228564,Early Adopter
